case,B,seqlen,T,nk,nv,dk,dv,chunk,block_dim,ai_core_num,flops_estimate,effective_io_bytes,workspace_bytes_excluded_from_bw,custom_ms,torch_ref_ms,custom_tflops_est,torch_ref_tflops_est,custom_effective_gibs,torch_ref_effective_gibs,speedup_vs_torch,mean_abs_err,max_abs_err_out,max_abs_err_state
gdn_b1_s4096_h4,1,4096,4096,4,4,64,64,64,24,24,1207959552.0,64848808,,0.5554280042648315,47.868652534484866,2.1748265170728365,0.02523487685661882,108.73625089761958,1.2616849572650035,86.18336160029266,0.03599640727043152,0.222412109375,0.163818359375
gdn_b1_s16384_h4,1,16384,16384,4,4,64,64,64,24,24,4831838208.0,254477224,,1.9296669960021973,153.0123291015625,2.5039751511584116,0.031578097244653075,122.81931749244156,1.5488973001604984,79.29468111263083,0.03615805506706238,0.32421875,0.20751953125
gdn_b1_s65536_h4,1,65536,65536,4,4,64,64,64,24,24,19327352832.0,1012990888,,8.207556056976319,860.3942718505859,2.354824346959165,0.02246336762613448,114.94545700632574,1.0964987944945457,104.8295334052896,0.03619397059082985,0.2568359375,0.130126953125
