case,batch,heads,kv_heads,q_seq,kv_seq,embd,embdv,block_dim,custom_ms,torch_ref_ms,custom_tflops,torch_ref_tflops,mean_abs_err,max_abs_err
prefill_b4_h16_s256,4,16,16,256,256,192,128,24,0.13678499981760978,0.30412600189447403,19.62462670306934,8.82645529576067,6.356406811391935e-05,0.001953125
prefill_b4_h16_s512,4,16,16,512,512,192,128,24,0.18509200140833854,0.3490189999341965,58.011249315478366,30.764566519371197,4.793745756614953e-05,0.0015869140625
prefill_b4_h16_s768,4,16,16,768,768,192,128,24,0.2477930009365082,0.5206539988517761,97.49747147293435,46.401623906239955,4.0096856537275016e-05,0.00146484375
prefill_b4_h16_s1024,4,16,16,1024,1024,192,128,24,0.3706069990992546,0.8665509998798371,115.89007510486162,49.563929839046686,3.5424167435849085e-05,0.0009765625
prefill_b8_h16_s768,8,16,16,768,768,192,128,24,0.4676959991455078,1.045156991481781,103.31151467679622,46.230740906680595,4.012577483081259e-05,0.001953125
prefill_b8_h32_s512,8,32,32,512,512,192,128,24,0.4940259978175163,1.134276992082596,86.93808250930303,37.8652421408478,4.7988018195610493e-05,0.00244140625
prefill_b8_h32_s768,8,32,32,768,768,192,128,24,1.0043660044670104,1.9873279988765717,96.21668169790603,48.62647948130774,4.016029561171308e-05,0.001953125
prefill_b16_h16_s512,16,16,16,512,512,192,128,24,0.5293950021266938,1.1690850019454957,81.1297288177295,36.737853011993714,4.7978595830500126e-05,0.00244140625
prefill_b16_h32_s256,16,32,32,256,256,192,128,24,0.33799300001410304,0.8131620019674302,63.53633501020419,26.40905062956955,6.372381903929636e-05,0.0029296875
