case,batch,heads,kv_heads,q_seq,kv_seq,embd,embdv,block_dim,custom_ms,torch_ref_ms,custom_tflops,torch_ref_tflops,mean_abs_err,max_abs_err
prefill_b4_h16_s256,4,16,16,256,256,192,128,24,0.13501699939370154,0.30985400080680847,19.88160433170776,8.663288364876314,6.359403050737455e-05,0.00146484375
prefill_b4_h16_s512,4,16,16,512,512,192,128,24,0.18432899785839255,0.4147809982299805,58.251378593447505,25.886957902653254,4.801654722541571e-05,0.00146484375
prefill_b4_h16_s768,4,16,16,768,768,192,128,24,0.32648699642450085,0.5117740020155906,73.99740664889464,47.20675717181901,4.007968891528435e-05,0.00146484375
prefill_b4_h16_s1024,4,16,16,1024,1024,192,128,24,0.3705659985542297,0.8809170007705689,115.90289753395875,48.75564090876941,3.541134356055409e-05,0.001953125
prefill_b8_h16_s768,8,16,16,768,768,192,128,24,0.4649159938097,1.0433030068874358,103.92927480093908,46.31289449088415,4.008947144029662e-05,0.00146484375
prefill_b8_h32_s512,8,32,32,512,512,192,128,24,0.1776659954994102,1.3541399955749511,241.74391300524687,31.717306261059143,4.7994370106607676e-05,0.00244140625
prefill_b8_h32_s768,8,32,32,768,768,192,128,24,0.1524489994335454,1.9915830075740815,633.8956931109625,48.52258921294566,4.01382967538666e-05,0.00146484375
prefill_b16_h16_s512,16,16,16,512,512,192,128,24,0.2503479994949885,1.1682060003280639,171.5598808324401,36.76549593816379,4.8032787162810564e-05,0.00244140625
prefill_b16_h32_s256,16,32,32,256,256,192,128,24,0.24946000166819432,0.9943869948387146,86.08528957104548,21.596055249579294,6.367437163135037e-05,0.00390625
