case,batch,heads,kv_heads,q_seq,kv_seq,embd,embdv,block_dim,custom_ms,torch_ref_ms,custom_tflops,torch_ref_tflops,mean_abs_err,max_abs_err
prefill_b4_h16_s256,4,16,16,256,256,192,128,24,0.1442909985780716,0.3040540009737015,18.6037562041514,8.82854542746891,6.400646088877693e-05,0.00390625
prefill_b4_h16_s512,4,16,16,512,512,192,128,24,0.18680399954319,0.35317599922418597,57.47959501004932,30.402457311897333,4.803499177796766e-05,0.001953125
prefill_b4_h16_s768,4,16,16,768,768,192,128,24,0.24684699922800063,0.5148520022630692,97.87111496415366,46.92453546612722,4.017391620436683e-05,0.00244140625
prefill_b4_h16_s1024,4,16,16,1024,1024,192,128,24,0.3675190001726151,0.8706989973783493,116.86381640085966,49.32780799027021,3.5274097172077745e-05,0.00091552734375
prefill_b8_h16_s768,8,16,16,768,768,192,128,24,0.46817100048065186,1.0428969979286193,103.20669590895957,46.33092450737607,4.013297439087182e-05,0.001708984375
prefill_b8_h32_s512,8,32,32,512,512,192,128,24,0.5140779942274094,1.137194001674652,83.5469976195881,37.768114232709245,4.8049983888631687e-05,0.00244140625
prefill_b8_h32_s768,8,32,32,768,768,192,128,24,0.9929509997367859,1.9957009851932526,97.32279255030382,48.42246653029649,4.017516039311886e-05,0.001953125
prefill_b16_h16_s512,16,16,16,512,512,192,128,24,0.5010769993066788,1.1697750091552734,85.71471653942973,36.71618270509569,4.8039430112112314e-05,0.001953125
prefill_b16_h32_s256,16,32,32,256,256,192,128,24,0.35799300074577334,0.8140129983425141,59.98674956008492,26.3814417260251,6.367632886394858e-05,0.00341796875
