case,batch,heads,kv_heads,q_seq,kv_seq,embd,embdv,block_dim,custom_ms,torch_ref_ms,custom_tflops,torch_ref_tflops,mean_abs_err,max_abs_err
prefill_b4_h16_s256,4,16,16,256,256,192,128,24,0.13778500035405158,0.29933499842882155,19.4821972863686,8.96772704190923,6.357513484545052e-05,0.00244140625
prefill_b4_h16_s512,4,16,16,512,512,192,128,24,0.1870889998972416,0.3549909994006157,57.39203398327808,30.2470154401931,4.799808084499091e-05,0.00244140625
prefill_b4_h16_s768,4,16,16,768,768,192,128,24,0.2441279999911785,0.5306840002536773,98.96116398312765,45.52462676178561,4.0085862565319985e-05,0.001220703125
prefill_b4_h16_s1024,4,16,16,1024,1024,192,128,24,0.36929300129413606,0.8477589935064316,116.30242872052499,50.66259784795095,3.531488255248405e-05,0.001953125
prefill_b8_h16_s768,8,16,16,768,768,192,128,24,0.4595740020275116,1.0369550108909606,105.13732688714515,46.596411196744626,4.0179344068747014e-05,0.00146484375
prefill_b8_h32_s512,8,32,32,512,512,192,128,24,0.4882610008120537,1.1261850118637085,87.96457814277208,38.13731536785698,4.7938254283508286e-05,0.00244140625
prefill_b8_h32_s768,8,32,32,768,768,192,128,24,0.9970629990100861,2.002992993593216,96.92142247374925,48.24618182345263,4.014766091131605e-05,0.001953125
prefill_b16_h16_s512,16,16,16,512,512,192,128,24,0.5201080054044723,1.1639450132846831,82.57837317193248,36.90008760705533,4.787927173310891e-05,0.001953125
prefill_b16_h32_s256,16,32,32,256,256,192,128,24,0.35916600078344346,0.8044879972934723,59.79083886881625,26.693793508725413,6.364870205288753e-05,0.0029296875
