case,batch,heads,kv_heads,q_seq,kv_seq,embd,embdv,block_dim,custom_ms,torch_ref_ms,custom_tflops,torch_ref_tflops,mean_abs_err,max_abs_err
prefill_b4_h16_s256,4,16,16,256,256,192,128,24,0.1413179986178875,0.30205900222063065,18.995135695760023,8.88685501926967,6.347331509459764e-05,0.00244140625
prefill_b4_h16_s512,4,16,16,512,512,192,128,24,0.18569899946451188,0.35114499777555463,57.82162677754212,30.578303287871865,4.798310328624211e-05,0.002197265625
prefill_b4_h16_s768,4,16,16,768,768,192,128,24,0.2500349998474121,0.5202089995145798,96.62323696579894,46.441316975568576,4.006451490567997e-05,0.00146484375
prefill_b4_h16_s1024,4,16,16,1024,1024,192,128,24,0.3704599991440773,0.8640179991722107,115.9360607332298,49.70923406821244,3.5362660128157586e-05,0.00146484375
prefill_b8_h16_s768,8,16,16,768,768,192,128,24,0.4631190001964569,1.0346849977970123,104.33254100890517,46.69863985935481,4.016405364382081e-05,0.001708984375
prefill_b8_h32_s512,8,32,32,512,512,192,128,24,0.48586900234222413,1.133922016620636,88.39763959617288,37.87709589412549,4.792513573192991e-05,0.001953125
prefill_b8_h32_s768,8,32,32,768,768,192,128,24,0.9954049944877624,1.9991569995880127,97.08286043886037,48.3387568759807,4.009378608316183e-05,0.001708984375
prefill_b16_h16_s512,16,16,16,512,512,192,128,24,0.5047580078244209,1.1705880165100098,85.08963165362988,36.69068225048991,4.7934154281392694e-05,0.00341796875
prefill_b16_h32_s256,16,32,32,256,256,192,128,24,0.3371140018105507,0.8112099915742874,63.70200099866602,26.47259859105596,6.365611625369638e-05,0.0029296875
